-- phpMyAdmin SQL Dump
-- version 4.7.0
-- https://www.phpmyadmin.net/
--
-- Host: 127.0.0.1
-- Generation Time: May 23, 2018 at 04:11 PM
-- Server version: 10.1.25-MariaDB
-- PHP Version: 7.1.7

SET SQL_MODE = "NO_AUTO_VALUE_ON_ZERO";
SET AUTOCOMMIT = 0;
START TRANSACTION;
SET time_zone = "+00:00";


/*!40101 SET @OLD_CHARACTER_SET_CLIENT=@@CHARACTER_SET_CLIENT */;
/*!40101 SET @OLD_CHARACTER_SET_RESULTS=@@CHARACTER_SET_RESULTS */;
/*!40101 SET @OLD_COLLATION_CONNECTION=@@COLLATION_CONNECTION */;
/*!40101 SET NAMES utf8mb4 */;

--
-- Database: `db_blog_project`
--

-- --------------------------------------------------------

--
-- Table structure for table `tbl_admin`
--

CREATE TABLE `tbl_admin` (
  `admin_id` int(11) NOT NULL,
  `admin_name` varchar(100) NOT NULL,
  `admin_email` varchar(256) NOT NULL,
  `admin_password` varchar(100) NOT NULL,
  `admin_mobile` int(50) NOT NULL,
  `created_at` datetime NOT NULL
) ENGINE=InnoDB DEFAULT CHARSET=utf8;

--
-- Dumping data for table `tbl_admin`
--

INSERT INTO `tbl_admin` (`admin_id`, `admin_name`, `admin_email`, `admin_password`, `admin_mobile`, `created_at`) VALUES
(1, 'Sumon', 'sumon.gub152@gmail.com', 'e10adc3949ba59abbe56e057f20f883e', 1740954722, '2018-02-12 03:22:16');

-- --------------------------------------------------------

--
-- Table structure for table `tbl_blog`
--

CREATE TABLE `tbl_blog` (
  `blog_id` int(11) NOT NULL,
  `blog_title` varchar(256) NOT NULL,
  `category_id` varchar(500) NOT NULL,
  `blog_short_description` text NOT NULL,
  `blog_long_description` text NOT NULL,
  `blog_image` text,
  `bloger_name` varchar(100) NOT NULL,
  `publication_status` tinyint(2) NOT NULL,
  `blog_verified` tinyint(2) NOT NULL,
  `hit_count` int(11) NOT NULL DEFAULT '0',
  `created_at` datetime NOT NULL
) ENGINE=InnoDB DEFAULT CHARSET=utf8;

--
-- Dumping data for table `tbl_blog`
--

INSERT INTO `tbl_blog` (`blog_id`, `blog_title`, `category_id`, `blog_short_description`, `blog_long_description`, `blog_image`, `bloger_name`, `publication_status`, `blog_verified`, `hit_count`, `created_at`) VALUES
(6, 'বিল গেটস এখনো শেখেন যেভাবে', '1', 'মার্কিন সাময়িকী টাইম অনলাইনে লেখা মাইক্রোসফট সহপ্রতিষ্ঠাতা বিল গেটসের নিবন্ধের বাংলা অনুবাদ ছাপা হলো এখানে', 'কৌতূহলী ব্যক্তিদের বেঁচে থাকার জন্য এর চেয়ে ভালো সময় আর হয় না। শৈশবে আমি যখন স্কুলের শিক্ষার বাইরে কিছু শিখতে চাইতাম, সবচেয়ে ভালো উপায় ছিল আমার ওয়ার্ল্ড বুক বিশ্বকোষ মেলে বসা। এখন শুধু অনলাইনে গেলেই হলো। শেখার যদিও অনেক সুযোগ আছে, তবে শিক্ষা চালিয়ে যাওয়ার আমার পছন্দের কিছু পদ্ধতি এগুলো।বিল গেটসখান একাডেমিখান একাডেমির ছোট্ট ভিডিওগুলো স্বল্প সময়ে জ্ঞানার্জনের বেশ ভালো উপায়। আমার সন্তানেরা তাদের ক্লাসের জন্য ভিডিওগুলো ব্যবহার করে, আর আমি করি স্কুলের পরে আর না-পড়া বিষয়গুলোতে শাণ দিতে। সাধারণ পাটিগণিত থেকে শুরু করে তড়িৎ প্রকৌশলের মতো জটিল বিষয়ের জন্য খান একাডেমির ভিডিওগুলো অসাধারণ উৎস।ওয়েব ঠিকানা:&nbsp;www.khanacademy.orgবিগ হিস্ট্রি প্রোজেক্টএটার ক্ষেত্রে আমি হয়তো একটু পক্ষপাতী। কারণ এটা প্রতিষ্ঠায় আমার আর্থিক সহায়তা আছে। আপনি যদি নিজেকে আজীবন শিক্ষার্থী মনে করেন, তবে আপনার বিগ হিস্ট্রি প্রোজেক্ট ঘেঁটে দেখা উচিত। বিগ ব্যাং থেকে বর্তমান পর্যন্ত মহাবিশ্বের ইতিহাসের বিস্তৃত বর্ণনা বিনা মূল্যের এই অনলাইন কোর্সে পেয়ে যাবেন।ওয়েব ঠিকানা:&nbsp;www.bighistoryproject.comকোড ডট অর্গআমি মনে করি, মৌলিক প্রোগ্রামিং সংকেত লেখা শিখলে যে কেউ উপকৃত হবে। এমনকি প্রতিদিনের জীবনে না লাগলেও। কম্পিউটার বিজ্ঞান আপনাকে যেকোনো সমস্যা সমাধানের সংক্ষিপ্ত পথ উদ্ভাবনে অনুপ্রাণিত করে। যেকোনো পর্যায়ের শিক্ষার্থীর জন্য ‘কোড ডট অর্গ’ অনেক বড় উৎস, সেখানে কিছু বিষয়ে আমিও অবদান রাখার সুযোগ পেয়েছি।ওয়েব ঠিকানা:&nbsp;studio.code.orgদ্য টিচিং কোম্পানিমজার কোনো বিষয়ে শিক্ষার জন্য ‘দ্য টিচিং কোম্পানি’ আমার পছন্দের মাধ্যমের একটি। আপনি ভাবতে পারেন, এমন যেকোনো বিষয়ের জন্য তাদের চমৎকার শিক্ষক আছে। ভ্রমণের সময় আমি তাদের অন্তত একটি ডিভিডি সঙ্গে রাখি। বর্তমানে শিখছি সমুদ্রবিজ্ঞান, নজরদারি ও শরীরতত্ত্ব বিষয়ে।', 'public/blog_image/5iMdJ1d4VSECSySmAIIu.jpg', 'Sumon', 1, 1, 18, '2018-02-12 09:56:11'),
(7, 'গেম তৈরিতে সম্ভাবনাময় বাংলাদেশ', '3', '‘মোবাইল অ্যাপ ও গেম: সম্ভবনা ও করণীয়’ শীর্ষক এক সেমিনারে বক্তারা দেশে গেমের বাজার সম্পর্কে জানান। ছবি: সংগৃহীত।', 'দেশে স্মার্টফোন ব্যবহারকারী বাড়ছে। একই সঙ্গে বাড়ছে গেম তৈরির ক্ষেত্রে সম্ভাবনা। তবে এ মুহুর্তে দেশের বাজার লক্ষ্য করে গেম তৈরি হচ্ছে কম। দেশের বাজার লক্ষ্য করে গেম তৈরি করলে ভালো সাড়া পাওয়া যাবে। তবে গেমের মান অবশ্যই ভালো হতে হবে। ‘মোবাইল অ্যাপ ও গেম: সম্ভবনা ও করণীয়’ শীর্ষক এক সেমিনারে বক্তারা এ কথা বলেন।আজ শুক্রবার রাজধানীর বঙ্গবন্ধু আন্তর্জাতিক সম্মেলন কেন্দ্রে স্মার্টফোন ও ট্যাব মেলায় এ সেমিনার অনুষ্ঠিত হয়। সেমিনারে দেশের স্মার্টফোন গেম শিল্পের কয়েকজন উদ্যোক্তা বক্তা হিসেবে উপস্থিত ছিলেন।সেমিনারে প্রধান বক্তা ছিলেন ‘ট্যাপ ট্যাপ অ্যান্টস’ গেমের নির্মাতা এরশাদুল হক। তাঁর পরিচালনায় সেমিনারে বক্তব্য দেন মাইন্ডফিশার গেমসের প্রতিষ্ঠাতা জামিল রশিদ, অডাসিটি আইটি সলিউশনের প্রতিষ্ঠাতা আবু বাক্কার, আইটিআইডব্লিউয়ের প্রতিষ্ঠাতা তানভীর আদনান প্রমুখ।জামিল রশিদ বলেন, বড় ধরনের গেম তৈরির জন্য অনেক বিনিয়োগের প্রয়োজন। নতুনদের বিনিয়োগ কম থাকে, সেক্ষেত্রে ছোট ছোট কিছু গেম তৈরি করে শুরু করা উচিত।&nbsp;নতুন অ্যাপ নির্মাতাদের উদ্দেশ্যে উদ্যোক্তা সিদ্দিক আবু বাক্কার বলেন, দেশীয় বাজারের জন্য অ্যাপ তৈরি করতে হলে একটি সমস্যার সমাধান নিয়ে এগোতে হবে। যদি অ্যাপ ব্যবহারকারীদের জন্য উপকারী হয় তাহলে তা দ্রুত জনপ্রিয় হবে।এরশাদুল হক বলনে, গেম তৈরি শিখতে হলে ধৈর্য ধরে কাজ করতে হবে। এতে কোন শর্টকাট উপায় নেই।উল্লেখ্য, ১১ জানুয়ারি থেকে শুরু হয়েছে স্মার্টফোন অ্যান্ড ট্যাব এক্সপো ২০১৮। তিনদিনব্যাপি এই মেলার দ্বিতীয় দিন চলছে আজ। মেলা চলবে রাত আটটা পর্যন্ত।', 'public/blog_image/DBia2DJR9MCl8HXmcGIW.jpg', 'Sumon', 1, 1, 12, '2018-02-12 18:27:05'),
(8, 'ল্যাপটপ কেনার সময় মাথায় রাখুন ৬ বিষয়', '4', 'ঢাকা:&nbsp;গত কয়েক বছরে ল্যাপটপ প্রযুক্তিতে এসেছে নানা বৈচিত্র্য। নামকরা ল্যাপটপ ব্র্যান্ডগুলো একের পর এক নতুন নতুন মডেল এনেছে বাজারে। ফলে বাজেট অনুযায়ী পছন্দমতো ল্যাপটপ বেছে নেওয়া হয়ে দাঁড়িয়েছে কঠিন।', 'ঢাকা:&nbsp;গত কয়েক বছরে ল্যাপটপ প্রযুক্তিতে এসেছে নানা বৈচিত্র্য। নামকরা ল্যাপটপ ব্র্যান্ডগুলো একের পর এক নতুন নতুন মডেল এনেছে বাজারে। ফলে বাজেট অনুযায়ী পছন্দমতো ল্যাপটপ বেছে নেওয়া হয়ে দাঁড়িয়েছে কঠিন।&nbsp;ল্যাপটপ কেনার সময় কিছু জিনিস মাথায় রাখলে আপনার সিদ্ধান্ত নেওয়া খুবই সহজ হয়ে উঠতে পারে।বহনযোগ্যতাডেস্কটপের তুলনায় ল্যাপটপের সবচেয়ে বড় সুবিধা হলো এর বহনযোগ্যতা। যদি ল্যাপটপ নিয়মিত বহন করা প্রয়োজন থাকে, তবে ছোট আকৃতির হালকা ওজনের ল্যাপটপ কেনাই ভালো।&nbsp;নিয়মিত বহনের জন্য ১১ থেকে ১৪ ইঞ্চির স্ক্রিন বিশিষ্ট ল্যাপটপগুলো বেছে নেওয়া যেতে পারে। এক্ষেত্রে ডেল-এক্সপিএস-১৩ মডেলটি হতে পারে আদর্শ।&nbsp;ল্যাপটপ একেবারেই বহনের দরকার না থাকলে ১৭ ইঞ্চি স্ক্রিন কেনা যেতে পারে।রেজ্যুলেশনআপনার যদি বাজেটে সমস্যা না থাকে তবে অবশ্যই ভালো রেজ্যুলেশন বিশিষ্ট ল্যাপটপকেই সবার আগে প্রাধান্য দেওয়া উচিত। ‘১৯২০×১০৮০’ রেজ্যুলেশন বিশিষ্ট ল্যাপটপ বেছে নিন। ভালো রেজ্যুলেশন মাল্টি টাস্কিংয়ের (একসঙ্গে একাধিক কাজ করা) সুবিধা বাড়ায়। তাছাড়া ফটো এডিটিং, গ্রাফিক্স ডিজাইন, গেমিংসহ বিভিন্ন ভারী কাজেও অধিক সুবিধা দেয়।ব্যাটারিএমন ল্যাপটপ বেছে নিন যা কমপক্ষে আট ঘণ্টা ব্যাটারি ব্যাকআপ দিতে সক্ষম। কিছু কিছু ল্যাপটপ আট ঘণ্টার বেশি ব্যাটারি ব্যাকআপ দেয়। আসুস জেনবুক-UX330UA মডেলটি নয় ঘণ্টার ব্যাটারি ব্যাকআপ দিতে সক্ষম।ক্রোমবুক, নাকি উইন্ডোজ-ম্যাক?বাজারে কিছু কিছু ল্যাপটপ বের হয়েছে যা গুগল ক্রম অপারেটিং সিস্টেমে চলে। এগুলো চালানো খুবই সহজ। তাই স্কুল-কলেজের ছেলেমেয়েদের মধ্যে ক্রমবুক অনেক জনপ্রিয় হয়ে উঠেছে। বর্তমান বাজারে মান ও বাজেট বিবেচনা করলে আসুসের ক্রমবুক ফ্লিপ-C302CA মডেলটি বেশ ভালো।চালানো সহজ হলেও পেশাদারী কাজের জন্য ক্রমবুক উপযুক্ত নয়। এক্ষেত্রে উইন্ডোজ বা ম্যাক অপারেটিং সিস্টেমচালিত ল্যাপটপই বেছে নেয়া উচিত।বাজেট ও টাচস্ক্রিনবর্তমানে বাজারে কিছু ল্যাপটপ আছে যা একই সঙ্গে পুরনো মডেলের ল্যাপটপগুলোর মতো হলেও এগুলো ট্যাবলেট মোডেও রূপান্তর করা যায়। লেনোভো ইয়োগা-৯২০ এরকমই একটি ল্যাপটপ। এসব টাচ প্রযুক্তির ল্যাপটপ ব্যবহারকারীর অভিজ্ঞতা ও সুবিধা উভয়ই বাড়াবে।&nbsp;কিন্তু টাচ ল্যাপটপের দাম বেশি। যদি আপনাকে বাজেট নিয়ে ভাবতে হয়, তবে টাচ ল্যাপটপ কেনার দরকারনেই। গতানুগতিক মডেলগুলোর মধ্যে একই দামে অধিক শক্তিশালী ল্যাপটপ পাওয়া যাবে।কনফিগারেশনপ্রোসেসর, র‌্যাম, এসএসডি ইত্যাদি নির্বাচন করবেন আপনার বাজেটের উপর নির্ভর করে। প্রোসেসর কোর আই ফাইভ, র‌্যাম- ৮জিবি, এসএসডি- ২৫৬জিবির ল্যাপটপ হতে পারে একটি যুগোপযোগী পছন্দ। হার্ডডিস্কের বদলে এসএসডি (সলিড-স্টেড ড্রাইভ) বেছে নেওয়াই ভালো। এতে ল্যাপটপের প্রোগ্রামগুলো দ্রুত লোড হয়।বাংলাদেশ সময়: ০৯২৬ ঘণ্টা, জানুয়ারি ০৭, ২০১৮এনএইচটি/এএ', 'public/blog_image/6sMPy0J4hRXOi9La1NTc.jpg', 'Sumon', 1, 1, 8, '2018-02-12 19:06:34'),
(9, 'একদিন আগেই নেইমারের জন্মদিনের পার্টি!', '3', 'বোনের ১৯তম জন্মদিনে নেইমার। আজ নিজের জন্মদিনের আগাম পার্টিতেও থাকছে চমক', 'আগামীকাল সোমবার ২৬ বছরে পা রাখবেন&nbsp;নেইমার। তবে তার একদিন আগেই জন্মদিনের পার্টি করতে চলেছেন বর্তমান বিশ্ব ফুটবলের সবচেয়ে দামি ফুটবলার।প্যারিসের&nbsp;এক রেস্টুরেন্টে আজ রোববার স্থানীয় সময় সন্ধ্যায় আয়োজন করা হবে নেইমারের পার্টি। যা নিয়ে নেইমারের রয়েছে ব্যাপক পরিকল্পনা। নিজের ২৬তম জন্মদিনে শুধু ব্রাজিল থেকেই উড়িয়ে আনা হবে ৫০ জন অতিথিকে। তাদের জন্য রাখছেন থাকার সুব্যবস্থাও।পরিবারের পাশাপাশি প্যারিসের এই পার্টিতে উপস্থিত থাকবেন টেলিভিশন সেলিব্রেটি, পোকার খেলোয়াড় এবং ব্রাজিলের রিয়েলিটি শো ‘বিগ ব্রাদার’ এর তারকারাও।তবে নেইমারের জন্মদিনের পার্টিতে তার সাবেক ক্লাব&nbsp;বার্সেলোনার&nbsp;কেউ থাকছেন না। মূলত, আজ এস্পানিওলের বিপক্ষে কাতালানদের ম্যাচ থাকার কারণেই প্রিয় বন্ধুদের থাকতে পারছেন না কেউ।গত গ্রীষ্মকালীন দলবদলেই বার্সেলোনা ছেড়ে&nbsp;প্যারিস সেন্ট জার্মেইতে&nbsp;নতুন করে ঠিকানা গড়েন নেইমার। প্যারিসের ক্লাবটিতে যোগ দেওয়ার পর থেকেই উড়ছেন তিনি। দুর্দান্ত পারফরম্যান্স উপহার দিয়ে নিয়মিতই প্রমাণ করে চলেছেন যে তিনি কেন ইতিহাসের সবচেয়ে দামি ফুটবলার!শনিবার লিলির বিপক্ষে ম্যাচেও নিজেকে দারুণভাবে মেলে ধরেন নেইমার।&nbsp;৭৭ মিনিটে ফ্রি-কিকে দুর্দান্ত এক গোল করে পিএসজিকে দারুণ এক জয় উপহার দিতে গুরুত্বপূর্ণ ভূমিকা রাখেন তিনি। সেইসঙ্গে পিএসজির হয়ে চলতি মৌসুমের ২৫তম গোলটি করেন সাবেক বার্সেলোনা ও সান্তোস ফরোয়ার্ড। তার আগে পরে লিলির জালে আরও দুই গোল করে পিএসজি। শেষ পর্যন্ত&nbsp;উনাই এমেরির&nbsp;দলের জয়টাও ৩-০ গোলের।', 'public/blog_image/UxFgV9SbMJCATEtSxfu8.jpg', 'Sumon', 0, 1, 1, '2018-02-12 19:15:29'),
(10, 'কী হয়েছে রিয়ালের?', '3', 'শনিবার লেভান্তের মাঠে রোনালদোর এই হাসিটা দুঃখের। ব্যর্থতার বৃত্ত থেকে বেরিয়ে আসতে না পারারও। ছবি : সংগৃহীত', 'উয়েফা চ্যাম্পিয়ন্স লিগের শেষ ষোলর প্রথম লেগে খেলতে এগারো দিন পরই সান্তিয়াগো বার্নাব্যুতে আসবে প্যারিস সেন্ট জার্মেই (পিএসজি)। তার আগে শনিবার ফ্রেঞ্চ লিগ ওয়ানে লিলির বিপক্ষে ৩-০ গোলের অনায়াস জয় পায় পিএসজি।চ্যাম্পিয়ন্স লিগে শেষ ষোলর প্রতিপক্ষের এই খবরটা জেনেই লেভান্তের বিপক্ষে মাঠে নামে&nbsp;রিয়াল মাদ্রিদ। লেভান্তের মাঠে ১১ মিনিটে&nbsp;সার্জিও রামোসের&nbsp;গোলে রিয়াল এগিয়ে গেলে সফরকারী দলের সমর্থকরা ভালো কিছুর স্বপ্নই দেখতে শুরু করেছিল।লেভান্তের বিপক্ষে গোল করে এদিন নতুন এক রেকর্ডও গড়েন রিয়াল অধিনায়ক।&nbsp;স্প্যানিশ লা লিগার&nbsp;ইতিহাসে প্রথম ডিফেন্ডার হিসেবে টানা ১৪ মৌসুমে গোল করার রেকর্ড গড়েন তিনি। কিন্তু ৪২ মিনিটে এমানুয়েল বোয়াটেং গোল করে সমতায় ফেরান লেভান্তেকে। ৮১ মিনিটে ইস্কো গোল করলে আবারও এগিয়ে যায়&nbsp;জিনেদিন জিদানের&nbsp;দল। ম্যাচ শেষের এক মিনিট আগে আবারও গোল করে স্বাগতিক লেভান্তেকে ম্যাচে ফেরান জিয়ামপাওলো পাজ্জিনি। শেষ পর্যন্ত এই গোলেই দুই দুইবার এগিয়ে গিয়েও ড্রয়ের হতাশা নিয়ে মাঠ ছাড়ে লস ব্ল্যাঙ্কোসরা!অথচ এই ম্যাচেই প্রথমবারের মতো শক্তিশালী একাদশ নিয়ে মাঠে নামেন জিনেদিন জিদান।&nbsp;বেল-রোনালদো-বেনজেমাকিংবা রামোস-মার্সেলো-মদ্রিচ-ইস্কো! দলের সেরা সেরা সব তারকাদের নিয়েও জয় বঞ্চিত থাকল রিয়াল মাদ্রিদ।লেভান্তের বিপক্ষে শুধু দুই পয়েন্ট হারানোর ফলে রিয়ালের অবস্থানটা অবশ্য বুঝা যায়নি। বরং লিগ টেবিলে তাকালেই জিদানের শিষ্যদের দুর্দশার চিত্রটা খুব সুস্পষ্ট হয়ে ওঠে। যখন শীর্ষে থাকা চিরপ্রতিদ্বন্দ্বী&nbsp;বার্সেলোনার&nbsp;সঙ্গে তাদের পয়েন্ট ব্যবধান ১৮! শিরোপা ধরে রাখার আশা আরও আগেই শেষ হয়ে যাওয়া রিয়াল মাদ্রিদের সমর্থকদের সংশয় এখন চ্যাম্পিয়ন্স লিগের লড়াইয়ে টিকে থাকা নিয়ে।লা লিগায় রিয়ালের জার্সিতে গোলের হাফ-সেঞ্চুরি পূর্ণ করার পর সমর্থকদের ভালোবাসার জবাব দিচ্ছেন সার্জিও রামোস। ছবি : সংগৃহীতএকের পর এক সুযোগ নষ্ট করায় এই ম্যাচে দলের সেরা দুই তারকা বেল-রোনালদোকে মাঠ থেকে তুলে নেন জিদান। ৬৬ মিনিটে বেলের বদলে ইস্কোকে আর ৮২ মিনিটে রোনালদোর বদলি হিসেবে মাঠে নামান এসেনসিওকে। কিন্তু তারপরও জয় নিয়ে মাঠ ছাড়তে পারেননি রিয়াল মাদ্রিদের ফরাসি কোচ। তাই সান্তিয়াগো বার্নাব্যু থেকে তার বরখাস্ত হওয়ার গুঞ্জনটা যে আরও জোড়ালো হয়েছে সে বিষয়ে কোনও সন্দেহ নেই।', 'public/blog_image/7HkQDMg5CI8e5KME5veI.jpg', 'Sumon', 0, 1, 3, '2018-02-12 19:16:10'),
(11, 'বিরক্তিকর বিজ্ঞাপন থেকে বাঁচতে গুগল আনল ‘মিউট’ বাটন', '1', 'বিজ্ঞাপন থেকে বাঁচতে গুগলের মিউট বাটন। ছবি: সংগৃহীত', 'ইন্টারনেটে কোনো একটা সাইটে গিয়ে বা গুগলে কিছু খোঁজার পরে যেকোনো সাইটেই গেলে যে বিজ্ঞাপন দেখা যায় তা ব্যবহারকারীর জন্য বিরক্তিকর। আর এই বিজ্ঞাপন থেকে মুক্তি দিতে নতুন সুবিধা যুক্ত করেছে সার্চ জায়ান্ট&nbsp;গুগল।নতুন এই সুবিধায় যে কেউ নিজের ইচ্ছামতো বিজ্ঞাপন ‘মিউট’ করে রাখতে পারবে।‘রিমাইন্ডার এড’ নামে পরিচিত এই বিজ্ঞাপনগুলিকে অনেকেই যন্ত্রণা হিসেবে গণ্য করেন। অনলাইনে কোনো পণ্য কেনার জন্য সার্চ করলে সাথে সাথে শুরু হয় এই বিজ্ঞাপনের বিড়ম্বনা। যদিও গুগল দাবি করছে, এই ‘রিমাইন্ডার এড’ গ্রাহককে তাদের প্রয়োজনটা মনে করিয়ে দিতে সাহায্য করে। তারপরও এসব বিজ্ঞাপন নিয়ন্ত্রণে ইন্টারনেট ব্যবহারকারীদের তারা আরও বেশি সুযোগ করে দিতে চায়।যেসব সাইট গুগল সেবা ব্যবহার করে তারা ব্যবহারকারীকে টার্গেট করে যে বিজ্ঞাপন পাঠাবে, সেগুলো চাইলেই ‘মিউট’ বা ‘হাইড’ করা যাবে। তবে এ ধরনের বিজ্ঞাপন পুরো বন্ধ বা ‘অপট আউট’ করার কোনো অপশনের কথা গুগল এখনো ভাবছে না।এক্ষেত্রে যাদের গুগল অ্যাকাউন্ট রয়েছে তারা তাদের ড্যাশবোর্ডে দেখতে পাবেন কোন কোন প্রতিষ্ঠান তাদের টার্গেট করে ‘রিমাইন্ডার এড’ পাঠাচ্ছে।', 'public/blog_image/4DVeVZ2KOzIfm4GBBsh2.jpg', 'Sumon', 1, 1, 60, '2018-02-12 19:17:25'),
(14, 'বাংলাদেশে সব আসুস ল্যাপটপে উইন্ডোজ ১০', '4', 'আসুস ল্যাপটপদেশের বাজারে আসুস আর মাইক্রোসফট যৌথ উদ্যোগে উইন্ডোজ ১০ চালিত ল্যাপটপ আনছে। ফেব্রুয়ারি মাস থেকে দেশের বাজারে আসুসের সব নোটবুকে জনপ্রিয় অপারেটিং সিস্টেম উইন্ডোজ ১০ দেওয়া থাকবে।', 'দেশের বাজারে আসুস আর মাইক্রোসফট যৌথ উদ্যোগে উইন্ডোজ ১০ চালিত ল্যাপটপ আনছে। ফেব্রুয়ারি মাস থেকে দেশের বাজারে আসুসের সব নোটবুকে জনপ্রিয় অপারেটিং সিস্টেম উইন্ডোজ ১০ দেওয়া থাকবে। এতে উইন্ডোজের সব হালনাগাদ ও নিরাপত্তা সমস্যার সমাধান পাওয়া যাবে। উইন্ডোজ ১০-এ ব্যবহারকারী উইন্ডোজ হ্যালো ফিচার ব্যবহার করতে পারবেন।মাইক্রোসফটের দাবি, উইন্ডোজ ১০ তাদের তৈরি সবচেয়ে নিরাপদ উইন্ডোজ অপারেটিং সিস্টেম।আসুস কর্তৃপক্ষ জানিয়েছে, আসুস নোটবুকের সঙ্গে উইন্ডোজ অপারেটিং সিস্টেমে ব্যবহার উপযোগী প্রয়োজনীয় অ্যাপ্লিকেশন রয়েছে। আসুস স্প্লেনডিড ল্যাপটপের ডিসপ্লের রং ও অভিজ্ঞতাকে পরিবর্তন করতে সাহায্য করে। সনিক মাস্টার প্রযুক্তি নোটবুকের শব্দ পরিবর্তন করে গান শোনা ও সিনেমা দেখায় নতুন অভিজ্ঞতা দেয়। আরওজি গেমিং সেন্টার ব্যবহার করে প্রফেশনাল গেমাররা তার পছন্দমতো হার্ডওয়্যার টিউন করতে পারবেন।আসুস বাংলাদেশের কান্ট্রি-প্রধান আল-ফুয়াদ বলেন, আসুস হার্ডওয়্যার ও সফটওয়্যারের ক্ষেত্রে গ্রাহকদের সর্বোচ্চ সুবিধা ও নিরাপত্তা দিতে মাইক্রোসফটের সঙ্গে কাজ করছে। বাংলাদেশের গ্রাহকেরা এখন সব আসুস নোটবুকে উইন্ডোজ ১০ পাবেন।', 'public/blog_image/3eZSapupVrQkunxJguFr.jpg', 'Sumon', 0, 1, 0, '2018-02-12 19:23:15'),
(15, 'ফেসবুকে অনীহা কিশোররা ঝুঁকছে স্ন্যাপচ্যাটে', '1', 'কিশোরদের মধ্যে ফেসবুকের জনপ্রিয়তা কমছে। বিশেষ করে যুক্তরাজ্যে। এর বদলে তারা ঝুঁকছে স্ন্যাপচ্যাটের মতো সামাজিক যোগাযোগমাধ্যমে।', 'কিশোরদের মধ্যে ফেসবুকের জনপ্রিয়তা কমছে। বিশেষ করে যুক্তরাজ্যে। এর বদলে তারা ঝুঁকছে স্ন্যাপচ্যাটের মতো সামাজিক যোগাযোগমাধ্যমে।বাজার গবেষণা প্রতিষ্ঠান ইমার্কেটারের সাম্প্রতিক এক প্রতিবেদনে দেখা গেছে, এ বছর যুক্তরাজ্যের ১২ থেকে ১৭ বছরের কিশোর সামাজিক যোগাযোগমাধ্যম ব্যবহারকারীদের ৭১ শতাংশ নিয়মিত ফেসবুক ব্যবহার করবে, যা গত বছরের তুলনায় ৮ শতাংশ কম। তাদের মাঝে বরং স্ন্যাপচ্যাটে আগ্রহ বেশি। একই প্রতিবেদনে আরও বলা হয়েছে, ২০১৮ সালে ব্রিটিশ সামাজিক যোগাযোগমাধ্যম ব্যবহারকারীদের ৪৩ শতাংশ স্ন্যাপচ্যাট ব্যবহার করবে। তিন বছর আগের তুলনায় যা দ্বিগুণ।একই বয়সী মার্কিন কিশোরদের মধ্যে সামাজিক যোগাযোগমাধ্যম বদলের হার আরও বেশি। যুক্তরাষ্ট্রে গত বছর ১২ থেকে ১৭ বছর বয়সী কিশোরদের ৬৮ দশমিক ৫ শতাংশ ফেসবুক ব্যবহার করেছে। অথচ ২০১৩ সালে পরিমাণটা ছিল ৯০ শতাংশ। অন্যদিকে একই সময়ে এই কিশোরদের প্রায় ৯০ শতাংশ স্ন্যাপচ্যাট ব্যবহার করেছে। চার বছর আগে যা ছিল মাত্র ২৯ শতাংশ।যুক্তরাজ্যে এ বছর ফেসবুক ব্যবহারকারীর সংখ্যা দাঁড়াবে ৩ কোটি ২৬ লাখ। স্ন্যাপচ্যাট, ইনস্টাগ্রাম বা টুইটারের তুলনায় যা এখনো অনেক এগিয়ে। তবে কিশোরদের বিষয়টি নিশ্চয়ই প্রধান নির্বাহী কর্মকর্তা মার্ক জাকারবার্গকে ভাবিয়ে তুলবে।&nbsp;মারিফুল হাসান, সূত্র: ব্লুমবার্গ', 'public/blog_image/8k0VT6No32y7lpNXanOb.jpg', 'Sumon', 0, 1, 2, '2018-02-12 19:24:43'),
(16, 'বাংলাদেশের ক্রিকেটে কাজ করতে আগ্রহী নন মাহমুদ!', '3', 'বাংলাদেশের ক্রিকেটে কাজ করার আগ্রহ হারিয়েছেন খালেদ মাহমুদ গণমাধ্যমকে দুষছেন তিনি তাঁর মতে', 'শ্রীলঙ্কা দল আজও ছুটির মেজাজে। বাংলাদেশ দলের অত বিলাসিতা করার সুযোগ কোথায়? বিকেলে ও সন্ধ্যায় মিরপুর শেরেবাংলা স্টেডিয়ামে কঠোর অনুশীলন করলেন তামিমরা। ওয়ানডে-টেস্ট গেছে, টি-টোয়েন্টি সিরিজটা যদি নিজেদের কাছে রাখা যায়!কিন্তু সেটিও যে কত কঠিন, না বললেও চলছে। মধ্যসাগরে বাংলাদেশ দল কেন দিক হারিয়ে ফেলল, প্রশ্নের তির ছুটে যাচ্ছে দলের টেকনিক্যাল ডিরেক্টর খালেদ মাহমুদের দিকে। ত্রিদেশীয় সিরিজের আগে বড় দায়িত্ব পেয়েছিলেন, নিজেকে দুর্দান্ত ‘টেকনিশিয়ান’ হিসেবে প্রমাণ করার সুযোগ ছিল। কিন্তু এখন পর্যন্ত তাঁর নামের পাশে বড় ‘গোল্লা’!&nbsp;যদিও টেকনিক্যাল ডিরেক্টর হওয়ার আগেই মাহমুদকে নিয়ে উঠেছিল অনেক প্রশ্ন। বিসিবির পরিচালক, কোচ (ঘরোয়া ক্রিকেটের তিন কি চার দলের!), সংগঠকের সঙ্গে জাতীয় দলেরই দুটি দায়িত্ব—ম্যানেজার-নির্বাচক। টেকনিক্যাল ডিরেক্টরের মোড়কে প্রধান কোচের দায়িত্বটা তিনি সামলাতে পারবেন তো? দায়িত্বটা কি বিষম চাপ হয়ে গেল তবে? ঘরের মাঠে টানা ব্যর্থতায় সেই চাপে কী নুইয়ে পড়েছেন খেলোয়াড়ি জীবনে ‘ফাইটার’ তকমা পাওয়া মাহমুদ?&nbsp;আবেগতাড়িত, নাকি তাঁর বিরুদ্ধে ওঠা সব অভিযোগে বিরক্ত হয়ে ক্ষোভ ঝাড়লেন কে জানে! আগামী মাসে শ্রীলঙ্কায় নিদাহাস ট্রফিতেও টেকনিক্যাল ডিরেক্টর হিসেবে চালিয়ে যাবেন কি না, এ প্রশ্নে আজ বিকেলে সংবাদমাধ্যমকে মাহমুদ বলেই দিলেন, ‘ব্যক্তিগতভাবে আমি আর আগ্রহী নই। আমার আসলে বাংলাদেশ ক্রিকেটের সঙ্গেই কাজ করতে ইচ্ছে করছে না। নোংরা লাগছে সত্যি কথা বলতে! এত বছর বাংলাদেশ ক্রিকেটের সঙ্গে কাজ করছি, বাংলাদেশের উন্নতির জন্যই কাজ করছি। এখানে আমার কোনো স্বার্থ নেই। আমি আর আগ্রহী নয়।’‘নোংরা’ বলতে কী বোঝাচ্ছেন মাহমুদ? এবার তিনি সব ঝাল ঝাড়লেন সংবাদমাধ্যমের ওপর, ‘সবকিছুই বুঝিয়েছি। এটা আসলে বলার কিছু নেই। আপনারাও জানেন, আমরাও জানি। নোংরা বলতে...সংবাদমাধ্যমে যেভাবে লেখা হয়। আমাদের ক্রিকেটের বড় অন্তরায় হচ্ছে...মিডিয়া...আমরা সন্দেহপ্রবণ বা অনুমাননির্ভর হয়ে যাচ্ছি। এখন মিডিয়া অনেক ফিশি। সংবাদমাধ্যমে কারণে আমাদের ক্রিকেট আটকে আছে কি না, সেটাও দেখতে হবে। ক্রিকেট আমরা এত বছর ধরে খেলছি। এখন এত গুজব ছড়ায় । মিডিয়াতে ভালো-খারাপ সবই হবে। কিন্তু কিছু কিছু বিষয়ে নেতিবাচক হয়ে যাচ্ছি। একটা খেলোয়াড়কে তুলে নিয়ে আসা এত সহজ নয়। কোচ কাজ করে, বয়সভিত্তিক দলে, এইচপি দলে। এ কথাগুলো যদি ঠিক না হয়, আমার মনে হয় না বাংলাদেশের ক্রিকেট অনেক দূর যাবে।’&nbsp;ক্রিকেটের উন্নয়নে এখন সংবাদমাধ্যমকে দোষারোপ করলেও খালেদ মাহমুদের মতো অনেকেই অতীতে বহুবারই বাংলাদেশের ক্রিকেট আজকের পর্যায়ে আসার পেছনে সংবাদমাধ্যমের অবদান স্বীকার করেছেন। টানা দুই সিরিজ খুইয়ে বাংলাদেশ দল এতটাই টালমাটাল যে সামান্য সমালোচনাও সহ্য হচ্ছে না!', 'public/blog_image/oqy9SwmklXJVeAM6Q39l.jpg', 'Sumon', 0, 1, 12, '2018-02-12 19:25:39'),
(39, 'মোবাইল ইন্টারনেট গতিতে এগিয়েছে বাংলাদেশ', '1', 'ওকলা নামের একটি বৈশ্বিক প্রতিষ্ঠান প্রতি মাসে বিশ্বের বিভিন্ন দেশের ইন্টারনেট গতির একটি সূচক প্রকাশ করে। বিভিন্ন দেশের ব্যবহারকারীরা তাদের ইন্টারনেটের গতি জানার জন্য ওকলার ‘স্পিডটেস্ট’ নামের অ্যাপ্লিকেশনটি ব্যবহার করে।', 'ওকলা নামের একটি বৈশ্বিক প্রতিষ্ঠান প্রতি মাসে বিশ্বের বিভিন্ন দেশের ইন্টারনেট গতির একটি সূচক প্রকাশ করে। বিভিন্ন দেশের ব্যবহারকারীরা তাদের ইন্টারনেটের গতি জানার জন্য ওকলার ‘স্পিডটেস্ট’ নামের অ্যাপ্লিকেশনটি ব্যবহার করে। এর ভিত্তিতে গত ফেব্রুয়ারি মাসের প্রতিবেদনে দেখা যাচ্ছে, বিশ্বের ১২৩টি দেশের মধ্যে মোবাইল ইন্টারনেট গতিতে বাংলাদেশের অবস্থান ১১৫তম। গত জানুয়ারি মাসের তুলনায় ফেব্রুয়ারি মাসে মোবাইল ইন্টারনেটের গতিতে সাত ধাপ এগিয়েছে বাংলাদেশ।\r\n\r\n\r\n\r\nগত ফেব্রুয়ারি মাসে দেশে ফোরজি নেটওয়ার্ক চালু করে কয়েকটি মোবাইল অপারেটর।\r\n\r\n\r\nমোবাইল ইন্টারনেটের গতিতে বাংলাদেশের পেছনে আছে বসনিয়া অ্যান্ড হার্জেগোভিনা, ইউক্রেন, নেপাল, আফগানিস্তান, উজবেকিস্তান, লিবিয়া, তাজিকিস্তান ও ইরাক। তালিকায় ভারতের অবস্থান ১০৯ ও পাকিস্তানের অবস্থান ৯২। তালিকার শীর্ষ তিন দেশ হচ্ছে নরওয়ে, আইসল্যান্ড ও নিউজিল্যান্ড।\r\n\r\nমোবাইল ইন্টারনেটে কিছুটা অগ্রগতি হলেও এক ধাপ পিছিয়েছে ফিক্সড ব্রডব্যান্ড ইন্টারনেট গতিতে। সেখানে এখন বাংলাদেশের অবস্থান ৮৬তম। মোবাইল ইন্টারনেটে বাংলাদেশের গড় ডাউনলোড গতি ৯ দশমিক ৯১ এমবিপিএস। আর ব্রডব্যান্ডে ১৬ দশমিক ৩১ এমবিপিএস। শীর্ষে থাকা নরওয়ের গড় ডাউনলোড গতি হচ্ছে ৬২ দশমিক শূন্য ৭ এমবিপিএস। ব্রডব্যান্ডে প্রথম অবস্থানে রয়েছে সিঙ্গাপুর। সে দেশে গড় ডাউনলোড গতি প্রতি সেকেন্ডে ১৬১ দশমিক ৫৩ মেগাবাইট। ব্রডব্যান্ডে ৩ দশমিক ৫৬ এমবিপিএস গতি নিয়ে সর্বশেষ অবস্থানে রয়েছে ভেনেজুয়েলা।', 'public/blog_image/G6fo7H23n3AtY8m66ins.jpg', '1', 0, 0, 2, '2018-03-28 08:23:31'),
(41, 'রাশিয়া বিশ্বকাপ পণ্ড করতে চায় আমেরিকা-ইংল্যান্ড‍!', '3', '<span style=\"color: rgb(51, 51, 51); font-family: solaimanlipi; text-align: justify; background-color: rgb(250, 249, 249);\">রাশিয়ায় অনুষ্ঠিত হতে যাওয়া ২০১৯ ফুটবল বিশ্বকাপ যুক্তরাজ্য ও যুক্তরাষ্ট্র বন্ধ করতে চায় বলে অভিযোগ করেছেন রুশ পররাষ্ট্র মন্ত্রণালয়ের মুখপাত্র মারিয়া জাখারোভা।</span>', '<p style=\"box-sizing: border-box; margin: 20px 0px 10px; line-height: 30px; color: rgb(51, 51, 51); font-family: solaimanlipi; text-align: justify; background-color: rgb(250, 249, 249);\">রাশিয়ায় অনুষ্ঠিত হতে যাওয়া ২০১৯ ফুটবল বিশ্বকাপ যুক্তরাজ্য ও যুক্তরাষ্ট্র বন্ধ করতে চায় বলে অভিযোগ করেছেন রুশ পররাষ্ট্র মন্ত্রণালয়ের মুখপাত্র মারিয়া জাখারোভা। রাশিয়ান একটি টিভি চ্যানেলকে দেয়া এক সাক্ষাৎকারে তিনি বলেন, \'তাদের মূল উদ্দেশ্য রাশিয়া থেকে বিশ্বকাপ সরিয়ে নেওয়া।\'&nbsp;</p><p style=\"box-sizing: border-box; margin: 20px 0px 10px; line-height: 30px; color: rgb(51, 51, 51); font-family: solaimanlipi; text-align: justify; background-color: rgb(250, 249, 249);\">সম্প্রতি যুক্তরাজ্যে রাসায়নিক অস্ত্র ব্যবহার করার অভিযোগে রুশ কর্তৃপক্ষের শাস্তি দাবী করছে যুক্তরাজ্য। প্রতিক্রিয়া হিসেবে এরই মধ্যে যুক্তরাজ্য জানিয়েছে যে বৃটিশ রাজপরিবারের কোনো সদস্য বিশ্বকাপে যাবে না। যুক্তরাজ্যের পররাষ্ট্রমন্ত্রী বরিস জনসন এই বিশ্বকাপকে নাৎসি জার্মানিতে হওয়া ১৯৩৬ সালের অলিম্পিক গেমসের সাথে তুলনা করেছেন। একজন বিরোধীদলীয় সংসদ সদস্য বিশ্বকাপ স্থগিত করারও দাবী জানিয়েছেন। তবে ইংল্যান্ড দল বিশ্বকাপ বয়কট করবে কিনা তা নিয়ে এখনো কোনো কিছু জানা যায়নি।</p><p style=\"box-sizing: border-box; margin: 20px 0px 10px; line-height: 30px; color: rgb(51, 51, 51); font-family: solaimanlipi; text-align: justify; background-color: rgb(250, 249, 249);\">গত ৪&nbsp;মার্চ সাবেক রুশ গোয়েন্দা সের্গেই স্ক্রিপাল ও তার মেয়েকে সোভিয়েত আমলের নার্ভ এজেন্ট দিয়ে হত্যাচেষ্টার অভিযোগে যুক্তরাজ্য থেকে ২৩জন রুশ কূটনীতিককে বহিষ্কার করে যুক্তরাজ্য সরকার। এর প্রতিক্রিয়ায় রাশিয়া থেকেও ২৩জন বৃটিশ কূটনীতিককে বহিষ্কার করে রুশ কর্তৃপক্ষ। এরপর বিশ্বের বিভিন্ন দেশ থেকে একশোরও বেশী রুশ কূটনীতিককে বহিষ্কার করে সেসব দেশের সরকার। সবচেয়ে বেশী ৬০ জন কূটনীতিককে বহিষ্কার করে যুক্তরাষ্ট্র।</p><p style=\"box-sizing: border-box; margin: 20px 0px 10px; line-height: 30px; color: rgb(51, 51, 51); font-family: solaimanlipi; text-align: justify; background-color: rgb(250, 249, 249);\">গত শুক্রবার ১৭০ জন রুশ কূটনীতিক ও তাদের পরিবারের সদস্যরা ওয়াশিংটন ছাড়েন। একই সময়ে রাশিয়ার সেন্ট পিটার্সবার্গের আমেরিকান দূতাবাস থেকে যুক্তরাষ্ট্রের পতাকা নামিয়ে নেওয়া হয়। রুশ সরকার ঐ দূতাবাস বন্ধ করে দেয়ার ঘোষণা দিয়েছে। এ ব্যাপারে রুশ পররাষ্ট্র মন্ত্রণালয়ের মুখপাত্র মারিয়া জাখারোভা রাশিয়ার চ্যানেল ফাইভ টিভিকে&nbsp;বলেন, \'আমার মনে হয় তারা রাশিয়া থেকে বিশ্বকাপ সরিয়ে নিতে চায়। তারা যে কোনো পন্থা অবলম্বন করবে রাশিয়া থেকে ফুটবল বিশ্বকাপ অন্যত্র সরিয়ে নিতে।\'</p><p style=\"box-sizing: border-box; margin: 20px 0px 10px; line-height: 30px; color: rgb(51, 51, 51); font-family: solaimanlipi; text-align: justify; background-color: rgb(250, 249, 249);\">স্ক্রিপাল ও তার মেয়েকে রাসায়নিক অস্ত্র দিয়ে হত্যাচেষ্টার অভিযোগ অস্বীকার করেছে রাশিয়া। মি. স্ক্রিপাল গুরুতর অসুস্থ থাকলেও তার মেয়ে এখন কথা বলতে পারছেন বলে বলা হচ্ছে। এর আগে প্রায় একমাস ধরে&nbsp;এই রাসায়নিক অস্ত্র প্রয়োগ নিয়ে বিতর্ক চলছে।যুক্তরাজ্য বলছে, তারা নিশ্চিত যে এই রাসায়নিক অস্ত্র ব্যবহারের পেছনে রাশিয়ার হাত রয়েছে।</p><p style=\"box-sizing: border-box; margin: 20px 0px 10px; line-height: 30px; color: rgb(51, 51, 51); font-family: solaimanlipi; text-align: justify; background-color: rgb(250, 249, 249);\">বৃহস্পতিবার জাতিসংঘের মহাসচিব অ্যান্তনিও গুতেরেস বলেছেন, স্নায়ুযুদ্ধের সময় যেমন বৈশ্বিক পরিস্থিতি ছিল;&nbsp;বর্তমান অবস্থা অনেকটা সেদিকেই যাচ্ছে। রাসায়নিক অস্ত্র ব্যবহারের অভিযোগ রাশিয়া শুরু থেকেই অস্বীকার করছে। তারা বলেছে, এ বিষয়ে সত্য উদঘাটনের উদ্দেশ্যে রাসায়নিক অস্ত্র নিষিদ্ধকরণের আন্তর্জাতিক সংস্থার নেতাদের সাথে বৈঠক করবে তারা।</p>', 'public/blog_image/tzgHPP0w9Wz19ibCIgLt.jpg', 'Sumon', 0, 1, 5, '2018-04-01 16:34:16');

-- --------------------------------------------------------

--
-- Table structure for table `tbl_category`
--

CREATE TABLE `tbl_category` (
  `category_id` int(11) NOT NULL,
  `category_name` varchar(256) NOT NULL,
  `category_description` varchar(256) DEFAULT NULL,
  `publication_status` tinyint(2) NOT NULL,
  `created_at` datetime NOT NULL
) ENGINE=InnoDB DEFAULT CHARSET=utf8;

--
-- Dumping data for table `tbl_category`
--

INSERT INTO `tbl_category` (`category_id`, `category_name`, `category_description`, `publication_status`, `created_at`) VALUES
(1, 'বিজ্ঞান ও প্রযুক্তি', NULL, 1, '2018-02-11 18:32:35'),
(2, 'বিনোদন', NULL, 1, '2018-02-11 18:33:12'),
(3, 'খেলা', NULL, 1, '2018-02-11 18:34:46'),
(4, 'ল্যাপটপ', NULL, 1, '2018-02-11 18:38:42'),
(5, 'অন্যান্য', NULL, 1, '2018-04-01 17:55:30');

-- --------------------------------------------------------

--
-- Table structure for table `tbl_comments`
--

CREATE TABLE `tbl_comments` (
  `comments_id` int(11) NOT NULL,
  `user_id` int(11) NOT NULL,
  `blog_id` int(11) NOT NULL,
  `comments` varchar(1000) NOT NULL,
  `publication_status` tinyint(2) NOT NULL,
  `created_at` timestamp NOT NULL DEFAULT CURRENT_TIMESTAMP ON UPDATE CURRENT_TIMESTAMP
) ENGINE=InnoDB DEFAULT CHARSET=utf8;

--
-- Dumping data for table `tbl_comments`
--

INSERT INTO `tbl_comments` (`comments_id`, `user_id`, `blog_id`, `comments`, `publication_status`, `created_at`) VALUES
(1, 1, 11, 'Comments Test', 1, '2018-03-31 09:52:07'),
(2, 1, 11, 'Comments Test', 1, '2018-03-31 09:52:48'),
(3, 1, 6, 'Comment.........', 1, '2018-03-31 11:49:20');

-- --------------------------------------------------------

--
-- Table structure for table `users`
--

CREATE TABLE `users` (
  `id` int(10) UNSIGNED NOT NULL,
  `name` varchar(255) COLLATE utf8mb4_unicode_ci NOT NULL,
  `email` varchar(100) COLLATE utf8mb4_unicode_ci NOT NULL,
  `password` varchar(255) COLLATE utf8mb4_unicode_ci NOT NULL,
  `remember_token` varchar(100) COLLATE utf8mb4_unicode_ci DEFAULT NULL,
  `created_at` timestamp NULL DEFAULT NULL,
  `updated_at` timestamp NULL DEFAULT NULL
) ENGINE=InnoDB DEFAULT CHARSET=utf8mb4 COLLATE=utf8mb4_unicode_ci;

--
-- Dumping data for table `users`
--

INSERT INTO `users` (`id`, `name`, `email`, `password`, `remember_token`, `created_at`, `updated_at`) VALUES
(1, 'Md Sumon', 'sumon_tpi@yahoo.com', '$2y$10$tvwXQ/dwwtdR1G5UOWGzWOhTcrKGsliVFnipsx/haWod3ywEd4xoO', 'GUM7Iy0K2My1PQokw33zTO9fcNHR94srjsUI6j1ULgXMQ0vRruMk9p7KI29I', '2017-12-27 01:49:03', '2017-12-27 01:49:03'),
(2, 'Sumon', 'sumon.web2017@gmail.com', '$2y$10$ZzgTVLUj1VJlstIHcYJC2u7Mb9UuYKKHQhjZ2u89hDUEubCZDWAhG', 'l54C5o2pxCWPK5Q3TExwYl8wgEcU2BhaVj1NcmPIIFEN2InmJwPRtdp06H5C', '2018-03-26 04:31:57', '2018-03-26 04:31:57');

--
-- Indexes for dumped tables
--

--
-- Indexes for table `tbl_admin`
--
ALTER TABLE `tbl_admin`
  ADD PRIMARY KEY (`admin_id`);

--
-- Indexes for table `tbl_blog`
--
ALTER TABLE `tbl_blog`
  ADD PRIMARY KEY (`blog_id`);

--
-- Indexes for table `tbl_category`
--
ALTER TABLE `tbl_category`
  ADD PRIMARY KEY (`category_id`);

--
-- Indexes for table `tbl_comments`
--
ALTER TABLE `tbl_comments`
  ADD PRIMARY KEY (`comments_id`);

--
-- Indexes for table `users`
--
ALTER TABLE `users`
  ADD PRIMARY KEY (`id`),
  ADD UNIQUE KEY `users_email_unique` (`email`);

--
-- AUTO_INCREMENT for dumped tables
--

--
-- AUTO_INCREMENT for table `tbl_admin`
--
ALTER TABLE `tbl_admin`
  MODIFY `admin_id` int(11) NOT NULL AUTO_INCREMENT, AUTO_INCREMENT=2;
--
-- AUTO_INCREMENT for table `tbl_blog`
--
ALTER TABLE `tbl_blog`
  MODIFY `blog_id` int(11) NOT NULL AUTO_INCREMENT, AUTO_INCREMENT=42;
--
-- AUTO_INCREMENT for table `tbl_category`
--
ALTER TABLE `tbl_category`
  MODIFY `category_id` int(11) NOT NULL AUTO_INCREMENT, AUTO_INCREMENT=6;
--
-- AUTO_INCREMENT for table `tbl_comments`
--
ALTER TABLE `tbl_comments`
  MODIFY `comments_id` int(11) NOT NULL AUTO_INCREMENT, AUTO_INCREMENT=4;
--
-- AUTO_INCREMENT for table `users`
--
ALTER TABLE `users`
  MODIFY `id` int(10) UNSIGNED NOT NULL AUTO_INCREMENT, AUTO_INCREMENT=3;COMMIT;

/*!40101 SET CHARACTER_SET_CLIENT=@OLD_CHARACTER_SET_CLIENT */;
/*!40101 SET CHARACTER_SET_RESULTS=@OLD_CHARACTER_SET_RESULTS */;
/*!40101 SET COLLATION_CONNECTION=@OLD_COLLATION_CONNECTION */;
